harn-geomap/img2geotif.pl 150 -19.5389983,45.8329983 Durrie.png durrie.tif
harn-geomap/img2geotif.pl 90 -18.8619972,45.3519972 Esenor.png esenor.tif
harn-geomap/img2geotif.pl 160 -19.4779984,45.891 abriel.png abriel.tif
harn-geomap/img2geotif.pl 1200 -19.266125,45.658884 airth-cave.png airth-cave.tif
harn-geomap/img2geotif.pl 120 -19.2668,45.65733 airth.png airth.tif
harn-geomap/img2geotif.pl 110 -24.2080,42.2018 aleath.png aleath.tif
harn-geomap/img2geotif.pl 135 -8.45252,44.58566 anensamkore.png anensamkore.tif
harn-geomap/img2geotif.pl 90 -21.91689,48.57078 annwyn.png annwyn.tif
harn-geomap/img2geotif.pl 110 -16.7815,46.9911 anrist.png anrist.tif
harn-geomap/img2geotif.pl 125 -20.24030,49.57367 antir.png antir.tif
harn-geomap/img2geotif.pl 90 -21.4432,45.9646 araka-1.png araka-1.tif
harn-geomap/img2geotif.pl 90 -21.3793,45.9343 araka-2.png araka-2.tif
harn-geomap/img2geotif.pl 110 -21.0916,47.5686 araka-3.png araka-3.tif
harn-geomap/img2geotif.pl 120 -22.7470,48.3678 arathel.png arathel.tif
harn-geomap/img2geotif.pl 245 -18.4124,48.1044 arone.png arone.tif
harn-geomap/img2geotif.pl 124 -19.69450,49.23890 aselt.png aselt.tif
harn-geomap/img2geotif.pl 120 -26.1260,44.1487 avonel.png avonel.tif
harn-geomap/img2geotif.pl 120 -17.84115,46.8486 azadmere.png azadmere.tif
harn-geomap/img2geotif.pl 120 -15.97929,45.92936 balhafen.png balhafen.tif
harn-geomap/img2geotif.pl 50 -16.0290,42.1831 beoran.png beoran.tif
harn-geomap/img2geotif.pl 50 -16.0398,42.1105 bilonin.png bilonin.tif
harn-geomap/img2geotif.pl 105 -18.6799976,45.858 blixth.png blixth.tif
harn-geomap/img2geotif.pl 90 -3.1177,49.6281 borin.png borin.tif
harn-geomap/img2geotif.pl 105 -21.11661,46.94514 bwaft.png bwaft.tif
harn-geomap/img2geotif.pl 115 -20.99856,47.80749 can.png can.tif
harn-geomap/img2geotif.pl 120 -23.4190,45.1668 carved-1.png carved-1.tif
harn-geomap/img2geotif.pl 120 -23.0278,44.8567 carved-2.png carved-2.tif
harn-geomap/img2geotif.pl 160 -18.897,45.992 charmic.png charmic.tif
harn-geomap/img2geotif.pl 1200 -24.81536,41.65235 chendy-crypt.png chendy-crypt.tif
harn-geomap/img2geotif.pl 115 -15.8263925,40.3822619 cherafir-plus.png cherafir-plus.tif
harn-geomap/img2geotif.pl 120 -15.2982,41.6803 chyrefal-cgi.png chyrefal.tif
harn-geomap/img2geotif.pl 90 -15.2982,41.6803 chyrefal.png chyrefal.tif
harn-geomap/img2geotif.pl 110 -24.03336,43.46943 coranan.png coranan.tif
harn-geomap/img2geotif.pl 50 -16.4121,42.1562 cundras.png cundras.tif
harn-geomap/img2geotif.pl 90 -16.3550,43.3490 cupeth.png cupeth.tif
harn-geomap/img2geotif.pl 100 -21.4447,48.6590 daasen.png daasen.tif
harn-geomap/img2geotif.pl 135 -9.35867,44.31503 dinibor.png dinibor.tif
harn-geomap/img2geotif.pl 70 -17.83225,43.44528 docialon.png docialon.tif
harn-geomap/img2geotif.pl 120 -17.8347,43.3906 drydere.png drydere.tif
harn-geomap/img2geotif.pl 120 -25.4040,42.9236 dunir.png dunir.tif
harn-geomap/img2geotif.pl 150 -18.8159983,45.124 eliten.png eliten.tif
harn-geomap/img2geotif.pl 70 -18.7459964,45.883 elmeze.png elmeze.tif
harn-geomap/img2geotif.pl 115 -20.98259,47.81256 enedayleld.png enedayleld.tif
harn-geomap/img2geotif.pl 50 -15.9018,42.1320 evire.png evire.tif
harn-geomap/img2geotif.pl 120 -17.6598,46.081 fana.png fana.tif
harn-geomap/img2geotif.pl 50 -15.9951,42.2110 fehin.png fehin.tif
harn-geomap/img2geotif.pl 50 -16.0354,42.1630 fezy.png fezy.tif
harn-geomap/img2geotif.pl 120 -22.19632,44.41000 firis.png firis.tif
harn-geomap/img2geotif.pl 90 -18.557,45.5839972 fisen.png fisen.tif
harn-geomap/img2geotif.pl 150 -21.98289,48.80853 fjaga.png fjaga.tif
harn-geomap/img2geotif.pl 120 -19.0779,47.9106 fort-nyslud.png fort-nyslud.tif
harn-geomap/img2geotif.pl 50 -16.1396,42.0096 fosumo.png fosumo.tif
harn-geomap/img2geotif.pl 120 -6.867,54.3088 froyaheim.png froyaheim.tif
harn-geomap/img2geotif.pl 120 -22.5972,48.4672 genheim.png genheim.tif
harn-geomap/img2geotif.pl 60 -18.666,45.891 getha.png getha.tif
harn-geomap/img2geotif.pl 120 -15.3197,41.3046 glenoth-cgi.png glenoth.tif
harn-geomap/img2geotif.pl 90 -15.3197,41.3046 glenoth.png glenoth.tif
harn-geomap/img2geotif.pl 60 -15.7915,40.6157 gosus.png gosus.tif
harn-geomap/img2geotif.pl 120 -23.6568,42.6883 goyezed.png goyezed.tif
harn-geomap/img2geotif.pl 110 -21.19220,47.57731 gwaeryn.png gwaeryn.tif
harn-geomap/img2geotif.pl 120 -16.1895,42.8349 gythrun.png gythrun.tif
harn-geomap/img2geotif.pl 120 -17.642,46.762 habe.png habe.tif
harn-geomap/img2geotif.pl 70 -18.687,45.847 hakstyn.png hakstyn.tif
harn-geomap/img2geotif.pl 150 -24.4042,41.8579 haudal.png haudal.tif
harn-geomap/img2geotif.pl 60 -25.4578,41.7343 hebon.png hebon.tif
harn-geomap/img2geotif.pl 90 -23.7822,44.5620 hikun.png hikun.tif
harn-geomap/img2geotif.pl 50 -15.9783,42.3235 himlet.png himlet.tif
harn-geomap/img2geotif.pl 90 -1.7389,48.7621 hlen.png hlen.tif
harn-geomap/img2geotif.pl 120 -8.2368,41.2147 holegore.png holegore.tif
harn-geomap/img2geotif.pl 75 -19.6253,45.4822 hosat.png hosat.tif
harn-geomap/img2geotif.pl 70 -18.6749964,45.8729964 hundholt.png hundholt.tif
harn-geomap/img2geotif.pl 110 -21.4889,46.8495 huxuth.png huxuth.tif
harn-geomap/img2geotif.pl 115 -21.03345,47.83892 ian.png ian.tif
harn-geomap/img2geotif.pl 115 -23.6434,43.0314 ibonost.png ibonost.tif
harn-geomap/img2geotif.pl 120 -6.445,57.043 idjarheim.png idjarheim.tif
harn-geomap/img2geotif.pl 120 -4.8510,57.2916 ilbengaad.png ilbengaad.tif
harn-geomap/img2geotif.pl 1200 -8.7760137,42.0033477 imeruva-G.png imeruva-G.tif
harn-geomap/img2geotif.pl 120 -8.7738,42.000 imeruva.png imeruva.tif
harn-geomap/img2geotif.pl 175 -17.73785,43.48314 invarnay-C.png invarnay-C.tif
harn-geomap/img2geotif.pl 175 -17.7398,43.4842 invarnay.png invarnay.tif
harn-geomap/img2geotif.pl 90 -23.5058,45.6349 iracu.png iracu.tif
harn-geomap/img2geotif.pl 120 -26.1344,44.1766 ithiko.png ithiko.tif
harn-geomap/img2geotif.pl 110 -19.081,45.589 jafpot.png jafpot.tif
harn-geomap/img2geotif.pl 110 -24.4594,41.8784 jeleg.png jeleg.tif
harn-geomap/img2geotif.pl 70 -18.675,45.8399964 jenkald.png jenkald.tif
harn-geomap/img2geotif.pl 90 -16.2564,40.4560 jetust.png jetust.tif
harn-geomap/img2geotif.pl 135 -9.39324,44.33956 kanfarya.png kanfarya.tif
harn-geomap/img2geotif.pl 120 -16.7917,40.6659 karveth.png karveth.tif
harn-geomap/img2geotif.pl 50 -16.1195,42.0988 kedic.png kedic.tif
harn-geomap/img2geotif.pl 160 -24.3185,42.3527 kedis.png kedis.tif
harn-geomap/img2geotif.pl 50 -16.0322,42.1761 kelime.png kelime.tif
harn-geomap/img2geotif.pl 2130 -19.4874731,48.4372783 kelts-barrow-*.png kelts-barrow-*.tif # expand this separately by hand
harn-geomap/img2geotif.pl 120 -24.52926,44.75273 keserin.png keserin.tif
harn-geomap/img2geotif.pl 120 -23.791,46.247 kiraz.png kiraz.tif
harn-geomap/img2geotif.pl 78 -21.5297600,44.96191 korego.png korego.tif
harn-geomap/img2geotif.pl 105 -17.45412,43.44561 kremshak.png kremshak.tif
harn-geomap/img2geotif.pl 120 -9.233,54.292 kyriheim.png kyriheim.tif
harn-geomap/img2geotif.pl 50 -15.9589,42.1899 labret.png labret.tif
harn-geomap/img2geotif.pl 75 -24.02054,42.63535 lagons-hide-lodge.png lagons-hide-lodge.tif
harn-geomap/img2geotif.pl 110 -21.09595,47.68923 leriel.png leriel.tif
harn-geomap/img2geotif.pl 135 -8.49406,53.76828 lidargaardar.png lidargaarda.tif
harn-geomap/img2geotif.pl 124 -8.99776,54.2590 lokis.png lokis.png
harn-geomap/img2geotif.pl 110 -19.17353,48.01732 lorkin.png lorkin.tif
harn-geomap/img2geotif.pl 115 -24.2222,42.9802 maerlith.png maerlith.tif
harn-geomap/img2geotif.pl 120 -20.181,49.459 marby.png marby.tif
harn-geomap/img2geotif.pl 115 -17.6223400,46.7923 mercin.png mercin.tif
harn-geomap/img2geotif.pl 1300 -18.222871,45.433720 minarsas-ruin.png minarsas-ruin.tif
harn-geomap/img2geotif.pl 125 -23.665,43.2814 moleryn.png moleryn.tif 
harn-geomap/img2geotif.pl 115 -4.7004,57.1513 molima.png molima.tif
harn-geomap/img2geotif.pl 50 -15.9087,42.1857 molon.png molon.tif
harn-geomap/img2geotif.pl 115 -20.9748,47.8287 monthel.png monthel.tif
harn-geomap/img2geotif.pl 120 -24.18420,42.54294 murelno.png murelno.tif
harn-geomap/img2geotif.pl 400 -20.441,46.704 myen-jarin.png myen-jarin.tif
harn-geomap/img2geotif.pl 780 -20.50723,46.60353 myen-mines-C.png myen-mines-C.tif
harn-geomap/img2geotif.pl 780 -20.50723,46.60353 myen-mines-G.png myen-mines-G.tif
harn-geomap/img2geotif.pl 400 -20.508,46.603 myen-mines-local.png myen-mines-local.tif
harn-geomap/img2geotif.pl 600 -20.244,46.389 myen-mines.png myen-mines.tif
harn-geomap/img2geotif.pl 405 -20.248,46.363 myengrad.png myengrad.tif
harn-geomap/img2geotif.pl 125 -19.253,47.198 noron.png noron.tif
harn-geomap/img2geotif.pl 130 -18.60404,45.20129 nubeth-chantry.png nubeth-chantry.tif
harn-geomap/img2geotif.pl 70 -18.7589964,45.838 ominstru.png ominstru.tif
harn-geomap/img2geotif.pl 4 -8.3916,41.5853 ostelones-area.png ostelones-area.tif
harn-geomap/img2geotif.pl 120 -8.40569,41.55309 ostelones.png ostelones.tif
harn-geomap/img2geotif.pl 115 -23.95091,42.49725 pagel.png pagel.tif
harn-geomap/img2geotif.pl 90 -16.1528,43.2291 parnam.png parnam.tif
harn-geomap/img2geotif.pl 135 -8.71865,44.59212 pathwys.png pathwys.tif
harn-geomap/img2geotif.pl 100 -17.49320,43.57902 pelenoth.png pelenoth.tif
harn-geomap/img2geotif.pl 120 -7.732,54.946 pelyn.png pelyn.tif
harn-geomap/img2geotif.pl 120 -21.3998,43.5884 pesino.png pesino.tif
harn-geomap/img2geotif.pl 140 -21.8228,48.0625 pethwys.png pethwys.tif
harn-geomap/img2geotif.pl 120 -21.584,49.161 pled.png pled.tif
harn-geomap/img2geotif.pl 50 -15.9854,42.2564 pouka.png pouka.tif
harn-geomap/img2geotif.pl 50 -15.9994,42.1626 purque.png purque.tif
harn-geomap/img2geotif.pl 120 -21.0532,49.0663 quimen.png quimen.tif
harn-geomap/img2geotif.pl 50 -16.1202,41.9804 racyn.png racyn.tif
harn-geomap/img2geotif.pl 120 -24.3822,43.7507 ravin.png ravin.tif
harn-geomap/img2geotif.pl 120 -18.838,45.547 roganter.png roganter.tif
harn-geomap/img2geotif.pl 70 -18.04444,43.52011 rynath.png rynath.tif
harn-geomap/img2geotif.pl 50 -16.0072,42.1317 rythik.png rythik.tif
harn-geomap/img2geotif.pl 120 -25.676,41.499 sarkum.png sarkum.tif
harn-geomap/img2geotif.pl 50 -15.9350,42.2098 saserus.png saserus.tif
harn-geomap/img2geotif.pl 120 -21.9363,48.57268 seldholm.png seldholm.tif
harn-geomap/img2geotif.pl 120 -25.5487,43.4000 selvos.png selvos.tif
harn-geomap/img2geotif.pl 120 -18.81297,46.20405 seven-brothers.png seven-brothers.tif
harn-geomap/img2geotif.pl 145 -17.78984,43.43597 shenadun.png shenadun.tif
harn-geomap/img2geotif.pl 110 -19.6515,49.28170 sherwyn.png sherwyn.tif # local
harn-geomap/img2geotif.pl 87 -19.12798,47.97570 shese.png shese.tif
harn-geomap/img2geotif.pl 110 -22.6615,44.3185 shiran.png shiran.tif
harn-geomap/img2geotif.pl 180 -19.28,44.03955 shomos.png shomos.tif
harn-geomap/img2geotif.pl 120 -25.165,44.183 shostim.png shostim.tif
harn-geomap/img2geotif.pl 90 -23.3429,45.1339 sirion-2.png sirion-2.tif
harn-geomap/img2geotif.pl 120 -7.98324,43.35465 sonise.png sonise.tif
harn-geomap/img2geotif.pl 135 -8.5384,53.8683 stimby.png stimby.tif
harn-geomap/img2geotif.pl 180 -16.407,41.841 surint-alwa.png surint-alwa.tif
harn-geomap/img2geotif.pl 405 -20.223,46.352 taelda-myen.png taelda-myen.tif
harn-geomap/img2geotif.pl 100 -22.2331,48.9631 tandir.png tandir.tif
harn-geomap/img2geotif.pl 1800 -22.81495,43.25275 taztos-hill.png taztos-hill.tif
harn-geomap/img2geotif.pl 180 -22.814,43.251 taztos.png taztos.tif
harn-geomap/img2geotif.pl 120 -23.1819,43.8801 telen.png telen.tif
harn-geomap/img2geotif.pl 120 -25.2932,43.3265 tesien.png tesien.tif
harn-geomap/img2geotif.pl 110 -16.4881,43.5244 thay.png thay.tif
harn-geomap/img2geotif.pl 115 -18.8413,49.1166 thoen.png thoen.tif
harn-geomap/img2geotif.pl 1200 -10.739,40.564 tolbeth-*.png tolbeth-*.tif # expand this separately by hand
harn-geomap/img2geotif.pl 1200 -7.645042,43.0976 trepura-G.png trepura-G.tif
harn-geomap/img2geotif.pl 60 -7.64577,43.08917 trepura.png trepura.tif
harn-geomap/img2geotif.pl 120 -21.992,48.752 turenborg.png turenborg.tif
harn-geomap/img2geotif.pl 145 -17.69513,43.53726 twg-lodge.png twg-lodge.tif
harn-geomap/img2geotif.pl 100 -17.67212,43.63267 twg-pagaelin.png twg-pagaelin.tif
harn-geomap/img2geotif.pl 145 -17.58918,43.50732 twg-vartelion.png twg-vartelion.tif
harn-geomap/img2geotif.pl 120 -19.821,43.7469979 ulfshafen.png ulfshafen.tif
harn-geomap/img2geotif.pl 92 -11.41363,50.87630 ulrin.png ulrin.tif
harn-geomap/img2geotif.pl 1200 -23.70748,46.18757 ushet-*.png ushet-*.tif # expand this separately by hand
harn-geomap/img2geotif.pl 120 -23.7078,46.1866 ushet.png ushet.tif
harn-geomap/img2geotif.pl 120 -7.357,54.607 vulenheim.png vulenheim.tif
harn-geomap/img2geotif.pl 120 -7.357,54.607 vulenheim.png vulenheim.tif
harn-geomap/img2geotif.pl 110 -22.6868,48.0624 wethom.png wethom.tif
harn-geomap/img2geotif.pl 115 -19.43615,45.87510 wiw.png wiw.tif
harn-geomap/img2geotif.pl 50 -15.9585,42.1471 yael.png yael.tif
harn-geomap/img2geotif.pl 120 -17.6326,46.4156 zerhun.png zerhun.tif
harn-geomap/img2geotif.pl 45 19.2880,12.3562 zerula.png zerula.tif
harn-geomap/img2geotif.pl 135 -9.0117,44.2635 zhorian.png zhorian.tif
harn-geomap/img2geotif.pl 50 -16.1138,42.1318 zonun.png zonun.tif
harn-geomap/img2geotif.pl 90 -16.1791,43.0216 zuilos.png zuilos.tif
